{
  "stage": "stage1",
  "metric": "acc_ref_plus_synth",
  "results": [
    {
      "noise_multiplier": 0.5,
      "epsilon": 105.88852711721893,
      "utility": 0.8783987915407855
    },
    {
      "noise_multiplier": 1.0,
      "epsilon": 37.633687472303755,
      "utility": 0.8678247734138973
    },
    {
      "noise_multiplier": 2.0,
      "epsilon": 14.84056471168065,
      "utility": 0.8527190332326284
    },
    {
      "noise_multiplier": 4.0,
      "epsilon": 6.336033241280497,
      "utility": 0.8255287009063444
    }
  ]
}